"参赛ID-","唯一ID-","登录赛事"
"书法家的手不能怕烫","","DPCup Act.1"
"TJ-Shengzi","","DPCup Act.1"
"良仔","","DPCup Act.1"
"喵该隐","","DPCup Act.1"
"MetalBird","","DPCup Act.1"
"naki","","DPCup Act.1"
"bigapple711","","DPCup Act.1"
"海河二道闸","","DPCup Act.1"
"wangwang","","DPCup Act.1"
"baka9","","DPCup Act.1"
"Darkcrown","","DPCup Act.1"
"CODE614","","DPCup Act.1"
"卑微老母猪","卑微老母朱","DPCup Act.1"
"jidu","","DPCup Act.1"
"拔丝莲子","","DPCup Act.1"
"Eren.K","","DPCup Act.1"
"Chris Han","","DPCup Act.1"
"小夜","","DPCup Act.1"
"荷叶","","DPCup Act.1"
"LuvHoshino","","DPCup Act.1"
"8bitoldboy","","DPCup Act.1"
"起身凹升龙","天津王猛","DPCup Act.1"
"Old Man","","DPCup Act.1"
"乔斯塔尼","","DPCup Act.1"
"完美强袭","","DPCup Act.1"
"KaNya","","DPCup Act.1"
"世界大统领","","DPCup Act.1"
"L&&J","","DPCup Act.1"
"马强","billy_maqiang","DPCup Act.1"
"Liqiuhong","天格会-小宏","DPCup Act.1"
"Lingyun","","DPCup Act.1"
"卡修","","DPCup Act.1"
"qupo","曲魄","DPCup Act.1"
"游城十四","","DPCup Act.1"
"βinαrΨ大剑","","DPCup Act.1"
"强手裂颅","","DPCup Act.1"
"2249486930","","DPCup Act.1"
"落雪","","DPCup Act.1"
"N111ng","","DPCup Act.1"
"linkmad","","DPCup Act.1"
"古烈老师我想学发波","","DPCup Act.1"
"Kaz","","DPCup Act.1"
"塘沽传奇","","DPCup Act.1"
"卡比长凡","","DPCup Act.1"
"sol","","DPCup Act.1"
"CSTG凌星烁丶","","DPCup Act.1"
"Cirno029","小⑨冰棍","DPCup Act.1"
"大凉老师i","","DPCup Act.1"
"Driver","","DPCup Act.1"
"六分丶仪","","DPCup Act.1"
"黑金肝脏","","DPCup Act.1"
"yemingwege","","DPCup Act.1"
"大肥7777","","DPCup Act.1"
"虚伪","","DPCup Act.1"
"一口我都不吃了","","DPCup Act.1"
"wusutao","","DPCup Act.1"
"ck029","","DPCup Act.1"
"omi","","DPCup Act.1"
"峦星之霜","","DPCup Act.1"
"苍月","","DPCup Act.1"
"军长","","DPCup Act.1"
"老猫","","天格会5月初中级者大会"
"Rodriguez","","天格会5月初中级者大会"
"进击的熊孩子","","天格会5月初中级者大会"
"曲魄","","天格会5月初中级者大会"
"巴尼","","天格会6月月赛"
"氓氓","","天格会6月月赛"
"小秋","","天格会6月月赛"
"津丶Fate灬","","天格会6月月赛"
"自由茶叶团","","天格会6月月赛"
"smoke888","","天格会6月月赛"
"老耿掰掰","","天格会6月月赛"
"天格会-小宏","","天格会6月月赛"
"CokeCoffee","","天格会6月月赛"
"谢科","","天格会初中级者大会 6月15日"
"Jack Crow","","天格会初中级者大会 6月15日"
"小⑨冰棍","","天格会初中级者大会 6月15日"
"番茄二号","","天格会初中级者大会 6月15日"
"上古鲫鲅人","","天格会初中级者大会 7月6日"
"柱星叶","","天格会初中级者大会 7月6日"
"卑微老母朱","","DPCup Act.2"
"浩浩鼠熟","","DPCup Act.2"
"胡茬挠痒痒","书法家的手不能怕烫","DPCup Act.2"
"billy_maqiang","","DPCup Act.2"
"我独自穿波","","DPCup Act.2"
"N1111ng","N111ng","DPCup Act.2"
"614","CODE614","DPCup Act.2"
"一根小头发","","DPCup Act.2"
"Superpants.","","DPCup Act.2"
"Season","","DPCup Act.2"
"无","","DPCup Act.2"
"牢桑","","DPCup Act.2"
"想要拥有尼古丁引擎","","DPCup Act.2"
"No1imit","","DPCup Act.2"
"3189528562","","DPCup Act.2"
"cirno⑨","小⑨冰棍","DPCup Act.2"
"coolteacher","","DPCup Act.2"
"无敌现代大王","","DPCup Act.2"
"在下玉面小飞龙","","DPCup Act.2"
"MUMU","","DPCup Act.2"
"jin","","DPCup Act.2"
"达文西","","DPCup Act.2"
"Xieder max","","DPCup Act.2"
"明哥不是英雄","","DPCup Act.2"
"wwymm","","DPCup Act.2"
"超级卑微老母朱","卑微老母朱","天格会7月月赛"
"痱子粉","","天格会7月月赛"
"超级进击的熊孩子","进击的熊孩子","天格会7月月赛"
"朱莉老师我想玩古烈","N111ng","天格会7月月赛"
"大肥77777","大肥7777","天格会7月月赛"
"六百病","","天格会7月月赛"
"卑微老姆朱","卑微老母朱",""
"老陈(Rodriguez)","Rodriguez",""
"老陈","Rodriguez",""
"Billy_Maqiang","billy_maqiang",""
"香手会-世界の大統領","世界大统领",""
"番茄2号","番茄二号",""
"世界大統領","世界大统领",""
"麻久","麻九",""
